{"cameraMode":{"drawMode":0,"name":"Shaded","section":"Shading Mode"},"sceneLighting":false,"audioPlay":false,"sceneViewState":{"m_AlwaysRefresh":false,"showFog":true,"showSkybox":false,"showFlares":true,"showImageEffects":true,"showParticleSystems":true,"showVisualEffectGraphs":true,"m_FxEnabled":true},"in2DMode":false,"pivot":{"x":0.1537652611732483,"y":0.15123961865901948,"z":0.20162472128868104},"rotation":{"x":0.2874108552932739,"y":-0.4501837193965912,"z":0.15570969879627229,"w":0.8309553861618042},"size":0.35752829909324648,"orthographic":false}