{"cameraMode":{"drawMode":0,"name":"Shaded","section":"Shading Mode"},"sceneLighting":false,"audioPlay":false,"sceneViewState":{"m_AlwaysRefresh":false,"showFog":true,"showSkybox":false,"showFlares":true,"showImageEffects":true,"showParticleSystems":true,"showVisualEffectGraphs":true,"m_FxEnabled":true},"in2DMode":false,"pivot":{"x":-0.011109031736850739,"y":0.18459294736385346,"z":-0.018768802285194398},"rotation":{"x":0.26519107818603518,"y":-0.3953216075897217,"z":0.1203412339091301,"w":0.8711577653884888},"size":0.21524696052074433,"orthographic":false}