{"cameraMode":{"drawMode":0,"name":"Shaded","section":"Shading Mode"},"sceneLighting":false,"audioPlay":false,"sceneViewState":{"m_AlwaysRefresh":false,"showFog":true,"showSkybox":false,"showFlares":true,"showImageEffects":true,"showParticleSystems":true,"showVisualEffectGraphs":true,"m_FxEnabled":true},"in2DMode":false,"pivot":{"x":-15.577066421508789,"y":0.39257705211639407,"z":15.254535675048829},"rotation":{"x":-0.0402032807469368,"y":-0.9594266414642334,"z":0.21052046120166779,"w":-0.18322718143463136},"size":0.6298353672027588,"orthographic":false}