{"cameraMode":{"drawMode":0,"name":"Shaded","section":"Shading Mode"},"sceneLighting":true,"audioPlay":false,"sceneViewState":{"m_AlwaysRefresh":false,"showFog":true,"showSkybox":true,"showFlares":true,"showImageEffects":true,"showParticleSystems":true,"showVisualEffectGraphs":true,"m_FxEnabled":true},"in2DMode":false,"pivot":{"x":-0.021772831678390504,"y":0.9205162525177002,"z":0.32370907068252566},"rotation":{"x":-0.03199812397360802,"y":0.9516878128051758,"z":-0.10637161880731583,"w":-0.28627726435661318},"size":1.6816786527633668,"orthographic":false}