{"cameraMode":{"drawMode":0,"name":"Shaded","section":"Shading Mode"},"sceneLighting":true,"audioPlay":false,"sceneViewState":{"m_AlwaysRefresh":false,"showFog":true,"showSkybox":true,"showFlares":true,"showImageEffects":true,"showParticleSystems":true,"showVisualEffectGraphs":true,"m_FxEnabled":true},"in2DMode":false,"pivot":{"x":4.194054126739502,"y":0.10958254337310791,"z":1.5521929264068604},"rotation":{"x":0.36111003160476687,"y":-0.5289141535758972,"z":0.2649534344673157,"w":0.7208667993545532},"size":2.504581928253174,"orthographic":true}