{"cameraMode":{"drawMode":0,"name":"Shaded","section":"Shading Mode"},"sceneLighting":false,"audioPlay":false,"sceneViewState":{"m_AlwaysRefresh":false,"showFog":true,"showSkybox":true,"showFlares":true,"showImageEffects":true,"showParticleSystems":true,"showVisualEffectGraphs":true,"m_FxEnabled":true},"in2DMode":false,"pivot":{"x":4.172325134277344e-7,"y":0.9912518262863159,"z":1.6335301399230958},"rotation":{"x":0.17582876980304719,"y":-0.13683855533599854,"z":0.02468848042190075,"w":0.9745512008666992},"size":5.475688457489014,"orthographic":false}