{"cameraMode":{"drawMode":0,"name":"Shaded","section":"Shading Mode"},"sceneLighting":false,"audioPlay":false,"sceneViewState":{"m_AlwaysRefresh":false,"showFog":true,"showSkybox":true,"showFlares":true,"showImageEffects":true,"showParticleSystems":true,"showVisualEffectGraphs":true,"m_FxEnabled":true},"in2DMode":false,"pivot":{"x":-0.02070900797843933,"y":186.43145751953126,"z":-2.0050272941589357},"rotation":{"x":0.27411967515945437,"y":-0.19111360609531403,"z":0.05568050593137741,"w":0.9408683776855469},"size":186.47901916503907,"orthographic":false}