{"cameraMode":{"drawMode":0,"name":"Shaded","section":"Shading Mode"},"sceneLighting":true,"audioPlay":false,"sceneViewState":{"m_AlwaysRefresh":false,"showFog":true,"showSkybox":true,"showFlares":true,"showImageEffects":true,"showParticleSystems":true,"showVisualEffectGraphs":true,"m_FxEnabled":true},"in2DMode":false,"pivot":{"x":29.330055236816408,"y":-2.1392788887023927,"z":-13.293943405151368},"rotation":{"x":-0.015513096004724503,"y":-0.971206545829773,"z":0.2284262329339981,"w":-0.06595396250486374},"size":7.2464118003845219,"orthographic":false}