{"cameraMode":{"drawMode":0,"name":"Shaded","section":"Shading Mode"},"sceneLighting":true,"audioPlay":false,"sceneViewState":{"m_AlwaysRefresh":false,"showFog":true,"showSkybox":true,"showFlares":true,"showImageEffects":true,"showParticleSystems":true,"showVisualEffectGraphs":true,"m_FxEnabled":true},"in2DMode":false,"pivot":{"x":7.100739002227783,"y":21.169126510620118,"z":116.98072052001953},"rotation":{"x":-0.060725562274456027,"y":-0.2800227105617523,"z":0.017753086984157563,"w":-0.9579091668128967},"size":93.02519226074219,"orthographic":false}