{"cameraMode":{"drawMode":0,"name":"Shaded","section":"Shading Mode"},"sceneLighting":true,"audioPlay":false,"sceneViewState":{"m_AlwaysRefresh":false,"showFog":true,"showSkybox":true,"showFlares":true,"showImageEffects":true,"showParticleSystems":true,"showVisualEffectGraphs":true,"m_FxEnabled":true},"in2DMode":false,"pivot":{"x":-3.505174160003662,"y":0.012412786483764649,"z":-2.7284600734710695},"rotation":{"x":0.2846754193305969,"y":0.23280012607574464,"z":-0.0714801475405693,"w":0.9271790385246277},"size":2.1693661212921144,"orthographic":false}