{"cameraMode":{"drawMode":0,"name":"Shaded","section":"Shading Mode"},"sceneLighting":true,"audioPlay":false,"sceneViewState":{"m_AlwaysRefresh":false,"showFog":true,"showSkybox":true,"showFlares":true,"showImageEffects":true,"showParticleSystems":true,"showVisualEffectGraphs":true,"m_FxEnabled":true},"in2DMode":false,"pivot":{"x":-4.808534622192383,"y":2.5971245765686037,"z":0.5310570001602173},"rotation":{"x":0.5541822910308838,"y":0.0062430137768387798,"z":-0.004156230948865414,"w":0.8323626518249512},"size":2.70951771736145,"orthographic":false}