{"cameraMode":{"drawMode":0,"name":"Shaded","section":"Shading Mode"},"sceneLighting":true,"audioPlay":false,"sceneViewState":{"m_AlwaysRefresh":false,"showFog":true,"showSkybox":true,"showFlares":true,"showImageEffects":true,"showParticleSystems":true,"showVisualEffectGraphs":true,"m_FxEnabled":true},"in2DMode":false,"pivot":{"x":6.170873641967773,"y":2.040738582611084,"z":4.274514675140381},"rotation":{"x":0.09823920577764511,"y":0.002985419239848852,"z":-0.0002945417072623968,"w":0.9951589107513428},"size":14.5928373336792,"orthographic":true}