{"cameraMode":{"drawMode":0,"name":"Shaded","section":"Shading Mode"},"sceneLighting":true,"audioPlay":false,"sceneViewState":{"m_AlwaysRefresh":false,"showFog":true,"showSkybox":true,"showFlares":true,"showImageEffects":true,"showParticleSystems":true,"showVisualEffectGraphs":true,"m_FxEnabled":true},"in2DMode":false,"pivot":{"x":1.4339275360107422,"y":1.9522733688354493,"z":8.138855934143067},"rotation":{"x":0.20320279896259309,"y":-0.04991155490279198,"z":0.010372371412813664,"w":0.9778093099594116},"size":13.479811668395996,"orthographic":false}