{"cameraMode":{"drawMode":0,"name":"Shaded","section":"Shading Mode"},"sceneLighting":false,"audioPlay":false,"sceneViewState":{"m_AlwaysRefresh":false,"showFog":true,"showSkybox":true,"showFlares":true,"showImageEffects":true,"showParticleSystems":true,"showVisualEffectGraphs":true,"m_FxEnabled":true},"in2DMode":false,"pivot":{"x":-0.0694982185959816,"y":1.7165272235870362,"z":-1.3818464279174805},"rotation":{"x":-0.03718330338597298,"y":-0.9003931879997253,"z":0.0785323828458786,"w":-0.42631396651268008},"size":1.3736200332641602,"orthographic":false}