{"cameraMode":{"drawMode":0,"name":"Shaded","section":"Shading Mode"},"sceneLighting":true,"audioPlay":false,"sceneViewState":{"m_AlwaysRefresh":false,"showFog":true,"showSkybox":true,"showFlares":true,"showImageEffects":true,"showParticleSystems":true,"showVisualEffectGraphs":true,"m_FxEnabled":true},"in2DMode":false,"pivot":{"x":-2.387575626373291,"y":-1.9217379093170167,"z":4.669458389282227},"rotation":{"x":0.42333218455314639,"y":-0.031245963647961618,"z":0.014610616490244866,"w":0.9053186178207398},"size":4.762415885925293,"orthographic":false}