{"cameraMode":{"drawMode":0,"name":"Shaded","section":"Shading Mode"},"sceneLighting":false,"audioPlay":false,"sceneViewState":{"m_AlwaysRefresh":false,"showFog":true,"showSkybox":true,"showFlares":true,"showImageEffects":true,"showParticleSystems":true,"showVisualEffectGraphs":true,"m_FxEnabled":true},"in2DMode":false,"pivot":{"x":0.002547621726989746,"y":0.859438419342041,"z":4.94394588470459},"rotation":{"x":0.1769111454486847,"y":-0.2602125406265259,"z":0.04856155812740326,"w":0.9479631185531616},"size":1.3265235424041749,"orthographic":false}