{"cameraMode":{"drawMode":0,"name":"Shaded","section":"Shading Mode"},"sceneLighting":true,"audioPlay":false,"sceneViewState":{"m_AlwaysRefresh":false,"showFog":true,"showSkybox":true,"showFlares":true,"showImageEffects":true,"showParticleSystems":true,"showVisualEffectGraphs":true,"m_FxEnabled":true},"in2DMode":false,"pivot":{"x":1.5928566455841065,"y":0.5028499960899353,"z":-0.27883994579315188},"rotation":{"x":0.09950420260429383,"y":0.5457826256752014,"z":-0.06547647714614868,"w":0.8294181823730469},"size":4.79330587387085,"orthographic":false}