{"cameraMode":{"drawMode":0,"name":"Shaded","section":"Shading Mode"},"sceneLighting":false,"audioPlay":false,"sceneViewState":{"m_AlwaysRefresh":false,"showFog":true,"showSkybox":true,"showFlares":true,"showImageEffects":true,"showParticleSystems":true,"showVisualEffectGraphs":true,"m_FxEnabled":true},"in2DMode":false,"pivot":{"x":0.002547621726989746,"y":0.859438419342041,"z":4.94394588470459},"rotation":{"x":0.06500712037086487,"y":-0.16832195222377778,"z":0.011125367134809494,"w":0.983523428440094},"size":1.3265235424041749,"orthographic":false}