{"cameraMode":{"drawMode":0,"name":"Shaded","section":"Shading Mode"},"sceneLighting":true,"audioPlay":false,"sceneViewState":{"m_AlwaysRefresh":false,"showFog":true,"showSkybox":true,"showFlares":true,"showImageEffects":true,"showParticleSystems":true,"showVisualEffectGraphs":true,"m_FxEnabled":true},"in2DMode":false,"pivot":{"x":-1.2371032238006592,"y":0.6891580820083618,"z":-0.00811213068664074},"rotation":{"x":0.06847825646400452,"y":-0.8758014440536499,"z":0.13048207759857179,"w":0.45962759852409365},"size":1.4715244770050049,"orthographic":false}