{"cameraMode":{"drawMode":0,"name":"Shaded","section":"Shading Mode"},"sceneLighting":false,"audioPlay":false,"sceneViewState":{"m_AlwaysRefresh":false,"showFog":true,"showSkybox":false,"showFlares":true,"showImageEffects":true,"showParticleSystems":true,"showVisualEffectGraphs":true,"m_FxEnabled":true},"in2DMode":false,"pivot":{"x":0.037422895431518558,"y":0.4276200234889984,"z":-0.03377839922904968},"rotation":{"x":0.06585290282964707,"y":-0.9287652373313904,"z":0.20087449252605439,"w":0.30448412895202639},"size":1.1593579053878785,"orthographic":false}