{"cameraMode":{"drawMode":0,"name":"Shaded","section":"Shading Mode"},"sceneLighting":false,"audioPlay":false,"sceneViewState":{"m_AlwaysRefresh":false,"showFog":true,"showSkybox":false,"showFlares":true,"showImageEffects":true,"showParticleSystems":true,"showVisualEffectGraphs":true,"m_FxEnabled":true},"in2DMode":false,"pivot":{"x":0.12384026497602463,"y":1.0820138454437256,"z":-2.1436424255371095},"rotation":{"x":0.04065456986427307,"y":-0.9179041385650635,"z":0.09756927192211151,"w":0.38246557116508486},"size":0.8177790641784668,"orthographic":true}