{"cameraMode":{"drawMode":0,"name":"Shaded","section":"Shading Mode"},"sceneLighting":false,"audioPlay":false,"sceneViewState":{"m_AlwaysRefresh":false,"showFog":true,"showSkybox":false,"showFlares":true,"showImageEffects":true,"showParticleSystems":true,"showVisualEffectGraphs":true,"m_FxEnabled":true},"in2DMode":false,"pivot":{"x":-20.149059295654298,"y":1.9453036785125733,"z":3.8311524391174318},"rotation":{"x":0.2916334271430969,"y":-0.14279060065746308,"z":0.04407608136534691,"w":0.9447852373123169},"size":3.0445103645324709,"orthographic":true}