{"cameraMode":{"drawMode":0,"name":"Shaded","section":"Shading Mode"},"sceneLighting":false,"audioPlay":false,"sceneViewState":{"m_AlwaysRefresh":false,"showFog":false,"showSkybox":false,"showFlares":false,"showImageEffects":false,"showParticleSystems":false,"showVisualEffectGraphs":true,"m_FxEnabled":true},"in2DMode":false,"pivot":{"x":0.640226423740387,"y":1.5737152099609376,"z":0.013692758977413178},"rotation":{"x":-0.03224257379770279,"y":0.9171509742736816,"z":-0.07583703100681305,"w":-0.3899292051792145},"size":0.25155553221702578,"orthographic":false}