{"cameraMode":{"drawMode":0,"name":"Shaded","section":"Shading Mode"},"sceneLighting":false,"audioPlay":false,"sceneViewState":{"m_AlwaysRefresh":false,"showFog":true,"showSkybox":false,"showFlares":true,"showImageEffects":true,"showParticleSystems":true,"showVisualEffectGraphs":true,"m_FxEnabled":true},"in2DMode":false,"pivot":{"x":-0.007325723767280579,"y":1.3496779203414918,"z":5.443429470062256},"rotation":{"x":0.17454023659229279,"y":-0.6189360618591309,"z":0.1436147540807724,"w":0.7522155046463013},"size":0.24593977630138398,"orthographic":false}