{"cameraMode":{"drawMode":0,"name":"Shaded","section":"Shading Mode"},"sceneLighting":false,"audioPlay":false,"sceneViewState":{"m_AlwaysRefresh":false,"showFog":true,"showSkybox":false,"showFlares":true,"showImageEffects":true,"showParticleSystems":true,"showVisualEffectGraphs":true,"m_FxEnabled":false},"in2DMode":false,"pivot":{"x":-0.074501633644104,"y":0.10438311100006104,"z":0.025267601013183595},"rotation":{"x":0.27406954765319826,"y":-0.6249392032623291,"z":0.24924641847610475,"w":0.6871779561042786},"size":1.5757392644882203,"orthographic":false}