{"cameraMode":{"drawMode":0,"name":"Shaded","section":"Shading Mode"},"sceneLighting":false,"audioPlay":false,"sceneViewState":{"m_AlwaysRefresh":false,"showFog":true,"showSkybox":false,"showFlares":true,"showImageEffects":true,"showParticleSystems":true,"showVisualEffectGraphs":true,"m_FxEnabled":true},"in2DMode":false,"pivot":{"x":-1.5297088623046876,"y":1.1817389726638795,"z":-0.04519045352935791},"rotation":{"x":-0.0014048482989892364,"y":-0.3514249920845032,"z":0.000525565876159817,"w":-0.9362173676490784},"size":2.026113510131836,"orthographic":false}