{"cameraMode":{"drawMode":0,"name":"Shaded","section":"Shading Mode"},"sceneLighting":false,"audioPlay":false,"sceneViewState":{"m_AlwaysRefresh":false,"showFog":true,"showSkybox":false,"showFlares":true,"showImageEffects":true,"showParticleSystems":true,"showVisualEffectGraphs":true,"m_FxEnabled":true},"in2DMode":false,"pivot":{"x":-13.801515579223633,"y":1.6716599464416505,"z":-8.818153381347657},"rotation":{"x":0.2916334271430969,"y":-0.14279060065746308,"z":0.04407608136534691,"w":0.9447852373123169},"size":2.9029459953308107,"orthographic":true}