{"cameraMode":{"drawMode":0,"name":"Shaded","section":"Shading Mode"},"sceneLighting":false,"audioPlay":false,"sceneViewState":{"m_AlwaysRefresh":false,"showFog":true,"showSkybox":false,"showFlares":true,"showImageEffects":true,"showParticleSystems":true,"showVisualEffectGraphs":true,"m_FxEnabled":true},"in2DMode":false,"pivot":{"x":-0.0021952390670776369,"y":0.86533522605896,"z":-1.0337680578231812e-7},"rotation":{"x":0.06585290282964707,"y":-0.9287652373313904,"z":0.20087449252605439,"w":0.30448412895202639},"size":1.3551706075668336,"orthographic":false}