{"cameraMode":{"drawMode":0,"name":"Shaded","section":"Shading Mode"},"sceneLighting":false,"audioPlay":false,"sceneViewState":{"m_AlwaysRefresh":false,"showFog":true,"showSkybox":false,"showFlares":true,"showImageEffects":true,"showParticleSystems":true,"showVisualEffectGraphs":true,"m_FxEnabled":true},"in2DMode":false,"pivot":{"x":0.0013386011123657227,"y":1.2904537916183472,"z":1.08416748046875},"rotation":{"x":0.2874108552932739,"y":-0.4501837193965912,"z":0.15570969879627229,"w":0.8309553861618042},"size":1.7332475185394288,"orthographic":false}