{"cameraMode":{"drawMode":0,"name":"Shaded","section":"Shading Mode"},"sceneLighting":false,"audioPlay":false,"sceneViewState":{"m_AlwaysRefresh":false,"showFog":true,"showSkybox":false,"showFlares":true,"showImageEffects":true,"showParticleSystems":true,"showVisualEffectGraphs":true,"m_FxEnabled":true},"in2DMode":false,"pivot":{"x":0.019999999552965165,"y":-0.07199999690055847,"z":0.4350000023841858},"rotation":{"x":-0.03831229358911514,"y":-0.9275117516517639,"z":0.09915459901094437,"w":-0.3583652377128601},"size":0.12107977271080017,"orthographic":false}