{"cameraMode":{"drawMode":0,"name":"Shaded","section":"Shading Mode"},"sceneLighting":false,"audioPlay":false,"sceneViewState":{"m_AlwaysRefresh":false,"showFog":true,"showSkybox":false,"showFlares":true,"showImageEffects":true,"showParticleSystems":true,"showVisualEffectGraphs":true,"m_FxEnabled":true},"in2DMode":false,"pivot":{"x":0.0037733912467956545,"y":0.18396660685539246,"z":0.003401637077331543},"rotation":{"x":0.26519107818603518,"y":-0.3953216075897217,"z":0.1203412339091301,"w":0.8711577653884888},"size":0.3240037262439728,"orthographic":false}