{"cameraMode":{"drawMode":0,"name":"Shaded","section":"Shading Mode"},"sceneLighting":false,"audioPlay":false,"sceneViewState":{"m_AlwaysRefresh":false,"showFog":true,"showSkybox":false,"showFlares":true,"showImageEffects":true,"showParticleSystems":true,"showVisualEffectGraphs":true,"m_FxEnabled":true},"in2DMode":false,"pivot":{"x":-2.9802322387695315e-8,"y":0.23602503538131715,"z":0.0979996919631958},"rotation":{"x":-0.023374253883957864,"y":-0.9751869440078735,"z":0.1265013962984085,"w":-0.18017974495887757},"size":0.3796309530735016,"orthographic":false}