{"cameraMode":{"drawMode":0,"name":"Shaded","section":"Shading Mode"},"sceneLighting":false,"audioPlay":false,"sceneViewState":{"m_AlwaysRefresh":false,"showFog":true,"showSkybox":false,"showFlares":true,"showImageEffects":true,"showParticleSystems":true,"showVisualEffectGraphs":true,"m_FxEnabled":true},"in2DMode":false,"pivot":{"x":-12.208839416503907,"y":0.9417083263397217,"z":-8.827555656433106},"rotation":{"x":0.2916334271430969,"y":-0.14279060065746308,"z":0.04407608136534691,"w":0.9447852373123169},"size":3.0026838779449465,"orthographic":true}