{"cameraMode":{"drawMode":0,"name":"Shaded","section":"Shading Mode"},"sceneLighting":false,"audioPlay":false,"sceneViewState":{"m_AlwaysRefresh":false,"showFog":true,"showSkybox":false,"showFlares":true,"showImageEffects":true,"showParticleSystems":true,"showVisualEffectGraphs":true,"m_FxEnabled":true},"in2DMode":false,"pivot":{"x":-7.240730285644531,"y":0.42436233162879946,"z":-8.256779670715332},"rotation":{"x":0.2916334271430969,"y":-0.14279060065746308,"z":0.04407608136534691,"w":0.9447852373123169},"size":12.205656051635743,"orthographic":true}