{"cameraMode":{"drawMode":0,"name":"Shaded","section":"Shading Mode"},"sceneLighting":false,"audioPlay":false,"sceneViewState":{"m_AlwaysRefresh":false,"showFog":true,"showSkybox":false,"showFlares":true,"showImageEffects":true,"showParticleSystems":true,"showVisualEffectGraphs":true,"m_FxEnabled":true},"in2DMode":false,"pivot":{"x":0.007748957723379135,"y":0.018166424706578256,"z":0.004223765805363655},"rotation":{"x":0.29285794496536257,"y":0.3102552592754364,"z":-0.10109658539295197,"w":0.8987520933151245},"size":0.1454511135816574,"orthographic":false}